ID,List,Class,Countability,Condition,Noun,Judgment
1,2,object,countable,Objects,takaró-blanket,5
1,1,object,countable,Objects,cikkek-good,6
1,2,object,countable,Objects,edény-dish,6
1,1,object,countable,Objects,golyó-bullet,7
1,2,object,countable,Objects,horgászkiegészítők-fishingaccessory,6
1,2,object,countable,Objects,konténer-container,7
1,1,object,countable,Objects,pohár-glass,7
1,2,object,countable,Objects,ruha-garment,5
1,1,object,countable,Objects,sportruhá-sportgarment,7
1,1,object,countable,Objects,termék-product,6
2,2,object,countable,Objects,takaró-blanket,5
2,1,object,countable,Objects,cikkek-good,6
2,2,object,countable,Objects,edény-dish,6
2,1,object,countable,Objects,golyó-bullet,5
2,2,object,countable,Objects,horgászkiegészítők-fishingaccessory,5
2,2,object,countable,Objects,konténer-container,5
2,1,object,countable,Objects,pohár-glass,5
2,2,object,countable,Objects,ruha-garment,7
2,1,object,countable,Objects,sportruhá-sportgarment,5
2,1,object,countable,Objects,termék-product,6
3,2,object,countable,Objects,takaró-blanket,5
3,1,object,countable,Objects,cikkek-good,7
3,2,object,countable,Objects,edény-dish,5
3,1,object,countable,Objects,golyó-bullet,5
3,2,object,countable,Objects,horgászkiegészítők-fishingaccessory,5
3,2,object,countable,Objects,konténer-container,7
3,1,object,countable,Objects,pohár-glass,6
3,2,object,countable,Objects,ruha-garment,7
3,1,object,countable,Objects,sportruhá-sportgarment,6
3,1,object,countable,Objects,termék-product,5
4,2,object,countable,Objects,takaró-blanket,6
4,1,object,countable,Objects,cikkek-good,6
4,2,object,countable,Objects,edény-dish,6
4,1,object,countable,Objects,golyó-bullet,7
4,2,object,countable,Objects,horgászkiegészítők-fishingaccessory,5
4,2,object,countable,Objects,konténer-container,7
4,1,object,countable,Objects,pohár-glass,7
4,2,object,countable,Objects,ruha-garment,5
4,1,object,countable,Objects,sportruhá-sportgarment,5
4,1,object,countable,Objects,termék-product,6
5,2,object,countable,Objects,takaró-blanket,5
5,1,object,countable,Objects,cikkek-good,7
5,2,object,countable,Objects,edény-dish,6
5,1,object,countable,Objects,golyó-bullet,6
5,2,object,countable,Objects,horgászkiegészítők-fishingaccessory,7
5,2,object,countable,Objects,konténer-container,6
5,1,object,countable,Objects,pohár-glass,5
5,2,object,countable,Objects,ruha-garment,6
5,1,object,countable,Objects,sportruhá-sportgarment,6
5,1,object,countable,Objects,termék-product,7
6,2,object,countable,Objects,takaró-blanket,6
6,1,object,countable,Objects,cikkek-good,7
6,2,object,countable,Objects,edény-dish,7
6,1,object,countable,Objects,golyó-bullet,7
6,2,object,countable,Objects,horgászkiegészítők-fishingaccessory,7
6,2,object,countable,Objects,konténer-container,5
6,1,object,countable,Objects,pohár-glass,7
6,2,object,countable,Objects,ruha-garment,6
6,1,object,countable,Objects,sportruhá-sportgarment,6
6,1,object,countable,Objects,termék-product,5
7,2,object,countable,Objects,takaró-blanket,7
7,1,object,countable,Objects,cikkek-good,5
7,2,object,countable,Objects,edény-dish,5
7,1,object,countable,Objects,golyó-bullet,5
7,2,object,countable,Objects,horgászkiegészítők-fishingaccessory,7
7,2,object,countable,Objects,konténer-container,6
7,1,object,countable,Objects,pohár-glass,5
7,2,object,countable,Objects,ruha-garment,6
7,1,object,countable,Objects,sportruhá-sportgarment,6
7,1,object,countable,Objects,termék-product,5
8,2,object,countable,Objects,takaró-blanket,5
8,1,object,countable,Objects,cikkek-good,7
8,2,object,countable,Objects,edény-dish,7
8,1,object,countable,Objects,golyó-bullet,6
8,2,object,countable,Objects,horgászkiegészítők-fishingaccessory,6
8,2,object,countable,Objects,konténer-container,7
8,1,object,countable,Objects,pohár-glass,5
8,2,object,countable,Objects,ruha-garment,7
8,1,object,countable,Objects,sportruhá-sportgarment,7
8,1,object,countable,Objects,termék-product,5
9,2,object,countable,Objects,takaró-blanket,7
9,1,object,countable,Objects,cikkek-good,5
9,2,object,countable,Objects,edény-dish,7
9,1,object,countable,Objects,golyó-bullet,7
9,2,object,countable,Objects,horgászkiegészítők-fishingaccessory,5
9,2,object,countable,Objects,konténer-container,5
9,1,object,countable,Objects,pohár-glass,6
9,2,object,countable,Objects,ruha-garment,7
9,1,object,countable,Objects,sportruhá-sportgarment,5
9,1,object,countable,Objects,termék-product,6
10,2,object,countable,Objects,takaró-blanket,6
10,1,object,countable,Objects,cikkek-good,5
10,2,object,countable,Objects,edény-dish,5
10,1,object,countable,Objects,golyó-bullet,6
10,2,object,countable,Objects,horgászkiegészítők-fishingaccessory,7
10,2,object,countable,Objects,konténer-container,6
10,1,object,countable,Objects,pohár-glass,5
10,2,object,countable,Objects,ruha-garment,7
10,1,object,countable,Objects,sportruhá-sportgarment,5
10,1,object,countable,Objects,termék-product,5
11,2,object,countable,Objects,takaró-blanket,7
11,1,object,countable,Objects,cikkek-good,6
11,2,object,countable,Objects,edény-dish,5
11,1,object,countable,Objects,golyó-bullet,6
11,2,object,countable,Objects,horgászkiegészítők-fishingaccessory,7
11,2,object,countable,Objects,konténer-container,6
11,1,object,countable,Objects,pohár-glass,5
11,2,object,countable,Objects,ruha-garment,6
11,1,object,countable,Objects,sportruhá-sportgarment,5
11,1,object,countable,Objects,termék-product,5
12,2,object,countable,Objects,takaró-blanket,5
12,1,object,countable,Objects,cikkek-good,6
12,2,object,countable,Objects,edény-dish,7
12,1,object,countable,Objects,golyó-bullet,7
12,2,object,countable,Objects,horgászkiegészítők-fishingaccessory,5
12,2,object,countable,Objects,konténer-container,5
12,1,object,countable,Objects,pohár-glass,7
12,2,object,countable,Objects,ruha-garment,7
12,1,object,countable,Objects,sportruhá-sportgarment,6
12,1,object,countable,Objects,termék-product,6
13,2,object,countable,Objects,takaró-blanket,6
13,1,object,countable,Objects,cikkek-good,6
13,2,object,countable,Objects,edény-dish,7
13,1,object,countable,Objects,golyó-bullet,6
13,2,object,countable,Objects,horgászkiegészítők-fishingaccessory,5
13,2,object,countable,Objects,konténer-container,7
13,1,object,countable,Objects,pohár-glass,5
13,2,object,countable,Objects,ruha-garment,5
13,1,object,countable,Objects,sportruhá-sportgarment,5
13,1,object,countable,Objects,termék-product,7
14,2,object,countable,Objects,takaró-blanket,7
14,1,object,countable,Objects,cikkek-good,6
14,2,object,countable,Objects,edény-dish,5
14,1,object,countable,Objects,golyó-bullet,6
14,2,object,countable,Objects,horgászkiegészítők-fishingaccessory,5
14,2,object,countable,Objects,konténer-container,5
14,1,object,countable,Objects,pohár-glass,6
14,2,object,countable,Objects,ruha-garment,7
14,1,object,countable,Objects,sportruhá-sportgarment,6
14,1,object,countable,Objects,termék-product,5
15,2,object,countable,Objects,takaró-blanket,5
15,1,object,countable,Objects,cikkek-good,6
15,2,object,countable,Objects,edény-dish,6
15,1,object,countable,Objects,golyó-bullet,7
15,2,object,countable,Objects,horgászkiegészítők-fishingaccessory,7
15,2,object,countable,Objects,konténer-container,6
15,1,object,countable,Objects,pohár-glass,6
15,2,object,countable,Objects,ruha-garment,6
15,1,object,countable,Objects,sportruhá-sportgarment,6
15,1,object,countable,Objects,termék-product,6
16,2,object,countable,Objects,takaró-blanket,7
16,1,object,countable,Objects,cikkek-good,6
16,2,object,countable,Objects,edény-dish,7
16,1,object,countable,Objects,golyó-bullet,5
16,2,object,countable,Objects,horgászkiegészítők-fishingaccessory,6
16,2,object,countable,Objects,konténer-container,7
16,1,object,countable,Objects,pohár-glass,7
16,2,object,countable,Objects,ruha-garment,6
16,1,object,countable,Objects,sportruhá-sportgarment,5
16,1,object,countable,Objects,termék-product,7
17,2,object,countable,Objects,takaró-blanket,7
17,1,object,countable,Objects,cikkek-good,5
17,2,object,countable,Objects,edény-dish,5
17,1,object,countable,Objects,golyó-bullet,6
17,2,object,countable,Objects,horgászkiegészítők-fishingaccessory,6
17,2,object,countable,Objects,konténer-container,5
17,1,object,countable,Objects,pohár-glass,7
17,2,object,countable,Objects,ruha-garment,6
17,1,object,countable,Objects,sportruhá-sportgarment,5
17,1,object,countable,Objects,termék-product,5
18,2,object,countable,Objects,takaró-blanket,5
18,1,object,countable,Objects,cikkek-good,6
18,2,object,countable,Objects,edény-dish,6
18,1,object,countable,Objects,golyó-bullet,6
18,2,object,countable,Objects,horgászkiegészítők-fishingaccessory,6
18,2,object,countable,Objects,konténer-container,7
18,1,object,countable,Objects,pohár-glass,7
18,2,object,countable,Objects,ruha-garment,6
18,1,object,countable,Objects,sportruhá-sportgarment,7
18,1,object,countable,Objects,termék-product,5
19,2,object,countable,Objects,takaró-blanket,5
19,1,object,countable,Objects,cikkek-good,5
19,2,object,countable,Objects,edény-dish,6
19,1,object,countable,Objects,golyó-bullet,6
19,2,object,countable,Objects,horgászkiegészítők-fishingaccessory,6
19,2,object,countable,Objects,konténer-container,7
19,1,object,countable,Objects,pohár-glass,6
19,2,object,countable,Objects,ruha-garment,6
19,1,object,countable,Objects,sportruhá-sportgarment,6
19,1,object,countable,Objects,termék-product,6
20,2,object,countable,Objects,takaró-blanket,6
20,1,object,countable,Objects,cikkek-good,6
20,2,object,countable,Objects,edény-dish,5
20,1,object,countable,Objects,golyó-bullet,7
20,2,object,countable,Objects,horgászkiegészítők-fishingaccessory,6
20,2,object,countable,Objects,konténer-container,5
20,1,object,countable,Objects,pohár-glass,7
20,2,object,countable,Objects,ruha-garment,7
20,1,object,countable,Objects,sportruhá-sportgarment,7
20,1,object,countable,Objects,termék-product,6
21,2,object,countable,Objects,takaró-blanket,7
21,1,object,countable,Objects,cikkek-good,5
21,2,object,countable,Objects,edény-dish,7
21,1,object,countable,Objects,golyó-bullet,7
21,2,object,countable,Objects,horgászkiegészítők-fishingaccessory,7
21,2,object,countable,Objects,konténer-container,6
21,1,object,countable,Objects,pohár-glass,6
21,2,object,countable,Objects,ruha-garment,7
21,1,object,countable,Objects,sportruhá-sportgarment,6
21,1,object,countable,Objects,termék-product,7
22,2,object,countable,Objects,takaró-blanket,5
22,1,object,countable,Objects,cikkek-good,6
22,2,object,countable,Objects,edény-dish,6
22,1,object,countable,Objects,golyó-bullet,5
22,2,object,countable,Objects,horgászkiegészítők-fishingaccessory,6
22,2,object,countable,Objects,konténer-container,5
22,1,object,countable,Objects,pohár-glass,6
22,2,object,countable,Objects,ruha-garment,6
22,1,object,countable,Objects,sportruhá-sportgarment,7
22,1,object,countable,Objects,termék-product,7
23,2,object,countable,Objects,takaró-blanket,5
23,1,object,countable,Objects,cikkek-good,7
23,2,object,countable,Objects,edény-dish,5
23,1,object,countable,Objects,golyó-bullet,5
23,2,object,countable,Objects,horgászkiegészítők-fishingaccessory,7
23,2,object,countable,Objects,konténer-container,5
23,1,object,countable,Objects,pohár-glass,6
23,2,object,countable,Objects,ruha-garment,6
23,1,object,countable,Objects,sportruhá-sportgarment,6
23,1,object,countable,Objects,termék-product,7
24,2,object,countable,Objects,takaró-blanket,6
24,1,object,countable,Objects,cikkek-good,5
24,2,object,countable,Objects,edény-dish,7
24,1,object,countable,Objects,golyó-bullet,5
24,2,object,countable,Objects,horgászkiegészítők-fishingaccessory,7
24,2,object,countable,Objects,konténer-container,5
24,1,object,countable,Objects,pohár-glass,6
24,2,object,countable,Objects,ruha-garment,7
24,1,object,countable,Objects,sportruhá-sportgarment,7
24,1,object,countable,Objects,termék-product,5
25,2,object,countable,Objects,takaró-blanket,6
25,1,object,countable,Objects,cikkek-good,6
25,2,object,countable,Objects,edény-dish,5
25,1,object,countable,Objects,golyó-bullet,5
25,2,object,countable,Objects,horgászkiegészítők-fishingaccessory,5
25,2,object,countable,Objects,konténer-container,5
25,1,object,countable,Objects,pohár-glass,7
25,2,object,countable,Objects,ruha-garment,5
25,1,object,countable,Objects,sportruhá-sportgarment,5
25,1,object,countable,Objects,termék-product,6
26,2,object,countable,Objects,takaró-blanket,6
26,1,object,countable,Objects,cikkek-good,6
26,2,object,countable,Objects,edény-dish,6
26,1,object,countable,Objects,golyó-bullet,6
26,2,object,countable,Objects,horgászkiegészítők-fishingaccessory,5
26,2,object,countable,Objects,konténer-container,6
26,1,object,countable,Objects,pohár-glass,5
26,2,object,countable,Objects,ruha-garment,5
26,1,object,countable,Objects,sportruhá-sportgarment,7
26,1,object,countable,Objects,termék-product,6
27,2,object,countable,Objects,takaró-blanket,6
27,1,object,countable,Objects,cikkek-good,6
27,2,object,countable,Objects,edény-dish,5
27,1,object,countable,Objects,golyó-bullet,6
27,2,object,countable,Objects,horgászkiegészítők-fishingaccessory,6
27,2,object,countable,Objects,konténer-container,5
27,1,object,countable,Objects,pohár-glass,6
27,2,object,countable,Objects,ruha-garment,5
27,1,object,countable,Objects,sportruhá-sportgarment,6
27,1,object,countable,Objects,termék-product,7
28,2,object,countable,Objects,takaró-blanket,5
28,1,object,countable,Objects,cikkek-good,7
28,2,object,countable,Objects,edény-dish,5
28,1,object,countable,Objects,golyó-bullet,7
28,2,object,countable,Objects,horgászkiegészítők-fishingaccessory,7
28,2,object,countable,Objects,konténer-container,5
28,1,object,countable,Objects,pohár-glass,5
28,2,object,countable,Objects,ruha-garment,6
28,1,object,countable,Objects,sportruhá-sportgarment,6
28,1,object,countable,Objects,termék-product,6
29,2,object,countable,Objects,takaró-blanket,7
29,1,object,countable,Objects,cikkek-good,5
29,2,object,countable,Objects,edény-dish,7
29,1,object,countable,Objects,golyó-bullet,7
29,2,object,countable,Objects,horgászkiegészítők-fishingaccessory,6
29,2,object,countable,Objects,konténer-container,7
29,1,object,countable,Objects,pohár-glass,7
29,2,object,countable,Objects,ruha-garment,6
29,1,object,countable,Objects,sportruhá-sportgarment,7
29,1,object,countable,Objects,termék-product,7
30,2,object,countable,Objects,takaró-blanket,7
30,1,object,countable,Objects,cikkek-good,5
30,2,object,countable,Objects,edény-dish,5
30,1,object,countable,Objects,golyó-bullet,6
30,2,object,countable,Objects,horgászkiegészítők-fishingaccessory,6
30,2,object,countable,Objects,konténer-container,7
30,1,object,countable,Objects,pohár-glass,5
30,2,object,countable,Objects,ruha-garment,5
30,1,object,countable,Objects,sportruhá-sportgarment,5
30,1,object,countable,Objects,termék-product,6
1,1,object,uncountable,Objects,ágynemű-bedding,1
1,2,object,uncountable,Objects,áru-merchandise,1
1,1,object,uncountable,Objects,horgászfelszerelés-fishingtackle,1
1,2,object,uncountable,Objects,készlet-stock,1
1,2,object,uncountable,Objects,lőszer-ammunition,1
1,1,object,uncountable,Objects,műanyagáru-plasticware,3
1,1,object,uncountable,Objects,porcelán-china,3
1,1,object,uncountable,Objects,ruházat-apparel,2
1,2,object,uncountable,Objects,sportruházat-sportswear,1
1,2,object,uncountable,Objects,üvegáru-glassware,1
2,1,object,uncountable,Objects,ágynemű-bedding,2
2,2,object,uncountable,Objects,áru-merchandise,1
2,1,object,uncountable,Objects,horgászfelszerelés-fishingtackle,1
2,2,object,uncountable,Objects,készlet-stock,2
2,2,object,uncountable,Objects,lőszer-ammunition,2
2,1,object,uncountable,Objects,műanyagáru-plasticware,3
2,1,object,uncountable,Objects,porcelán-china,3
2,1,object,uncountable,Objects,ruházat-apparel,3
2,2,object,uncountable,Objects,sportruházat-sportswear,2
2,2,object,uncountable,Objects,üvegáru-glassware,1
3,1,object,uncountable,Objects,ágynemű-bedding,2
3,2,object,uncountable,Objects,áru-merchandise,1
3,1,object,uncountable,Objects,horgászfelszerelés-fishingtackle,3
3,2,object,uncountable,Objects,készlet-stock,2
3,2,object,uncountable,Objects,lőszer-ammunition,1
3,1,object,uncountable,Objects,műanyagáru-plasticware,3
3,1,object,uncountable,Objects,porcelán-china,3
3,1,object,uncountable,Objects,ruházat-apparel,1
3,2,object,uncountable,Objects,sportruházat-sportswear,3
3,2,object,uncountable,Objects,üvegáru-glassware,3
4,1,object,uncountable,Objects,ágynemű-bedding,3
4,2,object,uncountable,Objects,áru-merchandise,3
4,1,object,uncountable,Objects,horgászfelszerelés-fishingtackle,3
4,2,object,uncountable,Objects,készlet-stock,2
4,2,object,uncountable,Objects,lőszer-ammunition,3
4,1,object,uncountable,Objects,műanyagáru-plasticware,2
4,1,object,uncountable,Objects,porcelán-china,1
4,1,object,uncountable,Objects,ruházat-apparel,1
4,2,object,uncountable,Objects,sportruházat-sportswear,2
4,2,object,uncountable,Objects,üvegáru-glassware,3
5,1,object,uncountable,Objects,ágynemű-bedding,1
5,2,object,uncountable,Objects,áru-merchandise,3
5,1,object,uncountable,Objects,horgászfelszerelés-fishingtackle,1
5,2,object,uncountable,Objects,készlet-stock,1
5,2,object,uncountable,Objects,lőszer-ammunition,2
5,1,object,uncountable,Objects,műanyagáru-plasticware,1
5,1,object,uncountable,Objects,porcelán-china,3
5,1,object,uncountable,Objects,ruházat-apparel,1
5,2,object,uncountable,Objects,sportruházat-sportswear,3
5,2,object,uncountable,Objects,üvegáru-glassware,1
6,1,object,uncountable,Objects,ágynemű-bedding,2
6,2,object,uncountable,Objects,áru-merchandise,3
6,1,object,uncountable,Objects,horgászfelszerelés-fishingtackle,1
6,2,object,uncountable,Objects,készlet-stock,3
6,2,object,uncountable,Objects,lőszer-ammunition,2
6,1,object,uncountable,Objects,műanyagáru-plasticware,2
6,1,object,uncountable,Objects,porcelán-china,3
6,1,object,uncountable,Objects,ruházat-apparel,1
6,2,object,uncountable,Objects,sportruházat-sportswear,1
6,2,object,uncountable,Objects,üvegáru-glassware,2
7,1,object,uncountable,Objects,ágynemű-bedding,3
7,2,object,uncountable,Objects,áru-merchandise,1
7,1,object,uncountable,Objects,horgászfelszerelés-fishingtackle,2
7,2,object,uncountable,Objects,készlet-stock,2
7,2,object,uncountable,Objects,lőszer-ammunition,1
7,1,object,uncountable,Objects,műanyagáru-plasticware,3
7,1,object,uncountable,Objects,porcelán-china,3
7,1,object,uncountable,Objects,ruházat-apparel,3
7,2,object,uncountable,Objects,sportruházat-sportswear,3
7,2,object,uncountable,Objects,üvegáru-glassware,3
8,1,object,uncountable,Objects,ágynemű-bedding,3
8,2,object,uncountable,Objects,áru-merchandise,1
8,1,object,uncountable,Objects,horgászfelszerelés-fishingtackle,2
8,2,object,uncountable,Objects,készlet-stock,2
8,2,object,uncountable,Objects,lőszer-ammunition,1
8,1,object,uncountable,Objects,műanyagáru-plasticware,1
8,1,object,uncountable,Objects,porcelán-china,3
8,1,object,uncountable,Objects,ruházat-apparel,3
8,2,object,uncountable,Objects,sportruházat-sportswear,1
8,2,object,uncountable,Objects,üvegáru-glassware,2
9,1,object,uncountable,Objects,ágynemű-bedding,3
9,2,object,uncountable,Objects,áru-merchandise,3
9,1,object,uncountable,Objects,horgászfelszerelés-fishingtackle,2
9,2,object,uncountable,Objects,készlet-stock,2
9,2,object,uncountable,Objects,lőszer-ammunition,1
9,1,object,uncountable,Objects,műanyagáru-plasticware,3
9,1,object,uncountable,Objects,porcelán-china,3
9,1,object,uncountable,Objects,ruházat-apparel,2
9,2,object,uncountable,Objects,sportruházat-sportswear,3
9,2,object,uncountable,Objects,üvegáru-glassware,3
10,1,object,uncountable,Objects,ágynemű-bedding,3
10,2,object,uncountable,Objects,áru-merchandise,1
10,1,object,uncountable,Objects,horgászfelszerelés-fishingtackle,2
10,2,object,uncountable,Objects,készlet-stock,1
10,2,object,uncountable,Objects,lőszer-ammunition,2
10,1,object,uncountable,Objects,műanyagáru-plasticware,1
10,1,object,uncountable,Objects,porcelán-china,3
10,1,object,uncountable,Objects,ruházat-apparel,3
10,2,object,uncountable,Objects,sportruházat-sportswear,3
10,2,object,uncountable,Objects,üvegáru-glassware,1
11,1,object,uncountable,Objects,ágynemű-bedding,1
11,2,object,uncountable,Objects,áru-merchandise,1
11,1,object,uncountable,Objects,horgászfelszerelés-fishingtackle,3
11,2,object,uncountable,Objects,készlet-stock,1
11,2,object,uncountable,Objects,lőszer-ammunition,2
11,1,object,uncountable,Objects,műanyagáru-plasticware,2
11,1,object,uncountable,Objects,porcelán-china,1
11,1,object,uncountable,Objects,ruházat-apparel,1
11,2,object,uncountable,Objects,sportruházat-sportswear,3
11,2,object,uncountable,Objects,üvegáru-glassware,3
12,1,object,uncountable,Objects,ágynemű-bedding,1
12,2,object,uncountable,Objects,áru-merchandise,1
12,1,object,uncountable,Objects,horgászfelszerelés-fishingtackle,1
12,2,object,uncountable,Objects,készlet-stock,3
12,2,object,uncountable,Objects,lőszer-ammunition,1
12,1,object,uncountable,Objects,műanyagáru-plasticware,1
12,1,object,uncountable,Objects,porcelán-china,3
12,1,object,uncountable,Objects,ruházat-apparel,1
12,2,object,uncountable,Objects,sportruházat-sportswear,3
12,2,object,uncountable,Objects,üvegáru-glassware,3
13,1,object,uncountable,Objects,ágynemű-bedding,2
13,2,object,uncountable,Objects,áru-merchandise,3
13,1,object,uncountable,Objects,horgászfelszerelés-fishingtackle,2
13,2,object,uncountable,Objects,készlet-stock,2
13,2,object,uncountable,Objects,lőszer-ammunition,1
13,1,object,uncountable,Objects,műanyagáru-plasticware,1
13,1,object,uncountable,Objects,porcelán-china,1
13,1,object,uncountable,Objects,ruházat-apparel,1
13,2,object,uncountable,Objects,sportruházat-sportswear,3
13,2,object,uncountable,Objects,üvegáru-glassware,2
14,1,object,uncountable,Objects,ágynemű-bedding,1
14,2,object,uncountable,Objects,áru-merchandise,3
14,1,object,uncountable,Objects,horgászfelszerelés-fishingtackle,3
14,2,object,uncountable,Objects,készlet-stock,3
14,2,object,uncountable,Objects,lőszer-ammunition,1
14,1,object,uncountable,Objects,műanyagáru-plasticware,1
14,1,object,uncountable,Objects,porcelán-china,1
14,1,object,uncountable,Objects,ruházat-apparel,1
14,2,object,uncountable,Objects,sportruházat-sportswear,3
14,2,object,uncountable,Objects,üvegáru-glassware,1
15,1,object,uncountable,Objects,ágynemű-bedding,1
15,2,object,uncountable,Objects,áru-merchandise,3
15,1,object,uncountable,Objects,horgászfelszerelés-fishingtackle,1
15,2,object,uncountable,Objects,készlet-stock,3
15,2,object,uncountable,Objects,lőszer-ammunition,2
15,1,object,uncountable,Objects,műanyagáru-plasticware,1
15,1,object,uncountable,Objects,porcelán-china,1
15,1,object,uncountable,Objects,ruházat-apparel,1
15,2,object,uncountable,Objects,sportruházat-sportswear,1
15,2,object,uncountable,Objects,üvegáru-glassware,1
16,1,object,uncountable,Objects,ágynemű-bedding,3
16,2,object,uncountable,Objects,áru-merchandise,2
16,1,object,uncountable,Objects,horgászfelszerelés-fishingtackle,3
16,2,object,uncountable,Objects,készlet-stock,2
16,2,object,uncountable,Objects,lőszer-ammunition,1
16,1,object,uncountable,Objects,műanyagáru-plasticware,3
16,1,object,uncountable,Objects,porcelán-china,3
16,1,object,uncountable,Objects,ruházat-apparel,1
16,2,object,uncountable,Objects,sportruházat-sportswear,3
16,2,object,uncountable,Objects,üvegáru-glassware,3
17,1,object,uncountable,Objects,ágynemű-bedding,1
17,2,object,uncountable,Objects,áru-merchandise,1
17,1,object,uncountable,Objects,horgászfelszerelés-fishingtackle,2
17,2,object,uncountable,Objects,készlet-stock,2
17,2,object,uncountable,Objects,lőszer-ammunition,3
17,1,object,uncountable,Objects,műanyagáru-plasticware,3
17,1,object,uncountable,Objects,porcelán-china,2
17,1,object,uncountable,Objects,ruházat-apparel,3
17,2,object,uncountable,Objects,sportruházat-sportswear,3
17,2,object,uncountable,Objects,üvegáru-glassware,2
18,1,object,uncountable,Objects,ágynemű-bedding,3
18,2,object,uncountable,Objects,áru-merchandise,2
18,1,object,uncountable,Objects,horgászfelszerelés-fishingtackle,3
18,2,object,uncountable,Objects,készlet-stock,3
18,2,object,uncountable,Objects,lőszer-ammunition,3
18,1,object,uncountable,Objects,műanyagáru-plasticware,1
18,1,object,uncountable,Objects,porcelán-china,2
18,1,object,uncountable,Objects,ruházat-apparel,1
18,2,object,uncountable,Objects,sportruházat-sportswear,1
18,2,object,uncountable,Objects,üvegáru-glassware,1
19,1,object,uncountable,Objects,ágynemű-bedding,3
19,2,object,uncountable,Objects,áru-merchandise,1
19,1,object,uncountable,Objects,horgászfelszerelés-fishingtackle,3
19,2,object,uncountable,Objects,készlet-stock,3
19,2,object,uncountable,Objects,lőszer-ammunition,1
19,1,object,uncountable,Objects,műanyagáru-plasticware,1
19,1,object,uncountable,Objects,porcelán-china,3
19,1,object,uncountable,Objects,ruházat-apparel,1
19,2,object,uncountable,Objects,sportruházat-sportswear,1
19,2,object,uncountable,Objects,üvegáru-glassware,1
20,1,object,uncountable,Objects,ágynemű-bedding,1
20,2,object,uncountable,Objects,áru-merchandise,1
20,1,object,uncountable,Objects,horgászfelszerelés-fishingtackle,1
20,2,object,uncountable,Objects,készlet-stock,2
20,2,object,uncountable,Objects,lőszer-ammunition,1
20,1,object,uncountable,Objects,műanyagáru-plasticware,1
20,1,object,uncountable,Objects,porcelán-china,3
20,1,object,uncountable,Objects,ruházat-apparel,1
20,2,object,uncountable,Objects,sportruházat-sportswear,3
20,2,object,uncountable,Objects,üvegáru-glassware,3
21,1,object,uncountable,Objects,ágynemű-bedding,3
21,2,object,uncountable,Objects,áru-merchandise,3
21,1,object,uncountable,Objects,horgászfelszerelés-fishingtackle,1
21,2,object,uncountable,Objects,készlet-stock,1
21,2,object,uncountable,Objects,lőszer-ammunition,3
21,1,object,uncountable,Objects,műanyagáru-plasticware,3
21,1,object,uncountable,Objects,porcelán-china,3
21,1,object,uncountable,Objects,ruházat-apparel,3
21,2,object,uncountable,Objects,sportruházat-sportswear,2
21,2,object,uncountable,Objects,üvegáru-glassware,1
22,1,object,uncountable,Objects,ágynemű-bedding,1
22,2,object,uncountable,Objects,áru-merchandise,2
22,1,object,uncountable,Objects,horgászfelszerelés-fishingtackle,3
22,2,object,uncountable,Objects,készlet-stock,1
22,2,object,uncountable,Objects,lőszer-ammunition,1
22,1,object,uncountable,Objects,műanyagáru-plasticware,1
22,1,object,uncountable,Objects,porcelán-china,3
22,1,object,uncountable,Objects,ruházat-apparel,3
22,2,object,uncountable,Objects,sportruházat-sportswear,2
22,2,object,uncountable,Objects,üvegáru-glassware,2
23,1,object,uncountable,Objects,ágynemű-bedding,1
23,2,object,uncountable,Objects,áru-merchandise,2
23,1,object,uncountable,Objects,horgászfelszerelés-fishingtackle,3
23,2,object,uncountable,Objects,készlet-stock,2
23,2,object,uncountable,Objects,lőszer-ammunition,2
23,1,object,uncountable,Objects,műanyagáru-plasticware,3
23,1,object,uncountable,Objects,porcelán-china,3
23,1,object,uncountable,Objects,ruházat-apparel,2
23,2,object,uncountable,Objects,sportruházat-sportswear,1
23,2,object,uncountable,Objects,üvegáru-glassware,1
24,1,object,uncountable,Objects,ágynemű-bedding,1
24,2,object,uncountable,Objects,áru-merchandise,1
24,1,object,uncountable,Objects,horgászfelszerelés-fishingtackle,2
24,2,object,uncountable,Objects,készlet-stock,3
24,2,object,uncountable,Objects,lőszer-ammunition,1
24,1,object,uncountable,Objects,műanyagáru-plasticware,2
24,1,object,uncountable,Objects,porcelán-china,3
24,1,object,uncountable,Objects,ruházat-apparel,3
24,2,object,uncountable,Objects,sportruházat-sportswear,3
24,2,object,uncountable,Objects,üvegáru-glassware,1
25,1,object,uncountable,Objects,ágynemű-bedding,2
25,2,object,uncountable,Objects,áru-merchandise,3
25,1,object,uncountable,Objects,horgászfelszerelés-fishingtackle,1
25,2,object,uncountable,Objects,készlet-stock,1
25,2,object,uncountable,Objects,lőszer-ammunition,1
25,1,object,uncountable,Objects,műanyagáru-plasticware,1
25,1,object,uncountable,Objects,porcelán-china,3
25,1,object,uncountable,Objects,ruházat-apparel,3
25,2,object,uncountable,Objects,sportruházat-sportswear,3
25,2,object,uncountable,Objects,üvegáru-glassware,2
26,1,object,uncountable,Objects,ágynemű-bedding,1
26,2,object,uncountable,Objects,áru-merchandise,3
26,1,object,uncountable,Objects,horgászfelszerelés-fishingtackle,1
26,2,object,uncountable,Objects,készlet-stock,3
26,2,object,uncountable,Objects,lőszer-ammunition,1
26,1,object,uncountable,Objects,műanyagáru-plasticware,3
26,1,object,uncountable,Objects,porcelán-china,2
26,1,object,uncountable,Objects,ruházat-apparel,2
26,2,object,uncountable,Objects,sportruházat-sportswear,2
26,2,object,uncountable,Objects,üvegáru-glassware,1
27,1,object,uncountable,Objects,ágynemű-bedding,2
27,2,object,uncountable,Objects,áru-merchandise,1
27,1,object,uncountable,Objects,horgászfelszerelés-fishingtackle,3
27,2,object,uncountable,Objects,készlet-stock,2
27,2,object,uncountable,Objects,lőszer-ammunition,1
27,1,object,uncountable,Objects,műanyagáru-plasticware,2
27,1,object,uncountable,Objects,porcelán-china,1
27,1,object,uncountable,Objects,ruházat-apparel,3
27,2,object,uncountable,Objects,sportruházat-sportswear,2
27,2,object,uncountable,Objects,üvegáru-glassware,2
28,1,object,uncountable,Objects,ágynemű-bedding,3
28,2,object,uncountable,Objects,áru-merchandise,2
28,1,object,uncountable,Objects,horgászfelszerelés-fishingtackle,2
28,2,object,uncountable,Objects,készlet-stock,1
28,2,object,uncountable,Objects,lőszer-ammunition,1
28,1,object,uncountable,Objects,műanyagáru-plasticware,3
28,1,object,uncountable,Objects,porcelán-china,3
28,1,object,uncountable,Objects,ruházat-apparel,3
28,2,object,uncountable,Objects,sportruházat-sportswear,3
28,2,object,uncountable,Objects,üvegáru-glassware,3
29,1,object,uncountable,Objects,ágynemű-bedding,2
29,2,object,uncountable,Objects,áru-merchandise,3
29,1,object,uncountable,Objects,horgászfelszerelés-fishingtackle,2
29,2,object,uncountable,Objects,készlet-stock,2
29,2,object,uncountable,Objects,lőszer-ammunition,3
29,1,object,uncountable,Objects,műanyagáru-plasticware,2
29,1,object,uncountable,Objects,porcelán-china,3
29,1,object,uncountable,Objects,ruházat-apparel,3
29,2,object,uncountable,Objects,sportruházat-sportswear,2
29,2,object,uncountable,Objects,üvegáru-glassware,1
30,1,object,uncountable,Objects,ágynemű-bedding,3
30,2,object,uncountable,Objects,áru-merchandise,3
30,1,object,uncountable,Objects,horgászfelszerelés-fishingtackle,3
30,2,object,uncountable,Objects,készlet-stock,3
30,2,object,uncountable,Objects,lőszer-ammunition,2
30,1,object,uncountable,Objects,műanyagáru-plasticware,3
30,1,object,uncountable,Objects,porcelán-china,2
30,1,object,uncountable,Objects,ruházat-apparel,1
30,2,object,uncountable,Objects,sportruházat-sportswear,2
30,2,object,uncountable,Objects,üvegáru-glassware,3
1,1,object,countable,Subkinds,takaró-blanket,3
1,2,object,countable,Subkinds,cikkek-good,2
1,1,object,countable,Subkinds,edény-dish,5
1,2,object,countable,Subkinds,golyó-bullet,3
1,1,object,countable,Subkinds,horgászkiegészítők-fishingaccessory,7
1,1,object,countable,Subkinds,konténer-container,4
1,2,object,countable,Subkinds,pohár-glass,2
1,1,object,countable,Subkinds,ruha-garment,5
1,2,object,countable,Subkinds,sportruhá-sportgarment,6
1,1,object,countable,Subkinds,termék-product,6
2,1,object,countable,Subkinds,takaró-blanket,6
2,2,object,countable,Subkinds,cikkek-good,2
2,1,object,countable,Subkinds,edény-dish,4
2,2,object,countable,Subkinds,golyó-bullet,7
2,1,object,countable,Subkinds,horgászkiegészítők-fishingaccessory,7
2,1,object,countable,Subkinds,konténer-container,4
2,2,object,countable,Subkinds,pohár-glass,5
2,1,object,countable,Subkinds,ruha-garment,7
2,2,object,countable,Subkinds,sportruhá-sportgarment,7
2,1,object,countable,Subkinds,termék-product,1
3,1,object,countable,Subkinds,takaró-blanket,2
3,2,object,countable,Subkinds,cikkek-good,4
3,1,object,countable,Subkinds,edény-dish,5
3,2,object,countable,Subkinds,golyó-bullet,2
3,1,object,countable,Subkinds,horgászkiegészítők-fishingaccessory,2
3,1,object,countable,Subkinds,konténer-container,1
3,2,object,countable,Subkinds,pohár-glass,7
3,1,object,countable,Subkinds,ruha-garment,2
3,2,object,countable,Subkinds,sportruhá-sportgarment,3
3,1,object,countable,Subkinds,termék-product,7
4,1,object,countable,Subkinds,takaró-blanket,5
4,2,object,countable,Subkinds,cikkek-good,3
4,1,object,countable,Subkinds,edény-dish,2
4,2,object,countable,Subkinds,golyó-bullet,6
4,1,object,countable,Subkinds,horgászkiegészítők-fishingaccessory,1
4,1,object,countable,Subkinds,konténer-container,4
4,2,object,countable,Subkinds,pohár-glass,4
4,1,object,countable,Subkinds,ruha-garment,4
4,2,object,countable,Subkinds,sportruhá-sportgarment,7
4,1,object,countable,Subkinds,termék-product,4
5,1,object,countable,Subkinds,takaró-blanket,4
5,2,object,countable,Subkinds,cikkek-good,6
5,1,object,countable,Subkinds,edény-dish,4
5,2,object,countable,Subkinds,golyó-bullet,3
5,1,object,countable,Subkinds,horgászkiegészítők-fishingaccessory,6
5,1,object,countable,Subkinds,konténer-container,5
5,2,object,countable,Subkinds,pohár-glass,5
5,1,object,countable,Subkinds,ruha-garment,3
5,2,object,countable,Subkinds,sportruhá-sportgarment,7
5,1,object,countable,Subkinds,termék-product,4
6,1,object,countable,Subkinds,takaró-blanket,1
6,2,object,countable,Subkinds,cikkek-good,3
6,1,object,countable,Subkinds,edény-dish,5
6,2,object,countable,Subkinds,golyó-bullet,1
6,1,object,countable,Subkinds,horgászkiegészítők-fishingaccessory,7
6,1,object,countable,Subkinds,konténer-container,5
6,2,object,countable,Subkinds,pohár-glass,5
6,1,object,countable,Subkinds,ruha-garment,7
6,2,object,countable,Subkinds,sportruhá-sportgarment,1
6,1,object,countable,Subkinds,termék-product,1
7,1,object,countable,Subkinds,takaró-blanket,2
7,2,object,countable,Subkinds,cikkek-good,3
7,1,object,countable,Subkinds,edény-dish,7
7,2,object,countable,Subkinds,golyó-bullet,7
7,1,object,countable,Subkinds,horgászkiegészítők-fishingaccessory,4
7,1,object,countable,Subkinds,konténer-container,3
7,2,object,countable,Subkinds,pohár-glass,4
7,1,object,countable,Subkinds,ruha-garment,5
7,2,object,countable,Subkinds,sportruhá-sportgarment,3
7,1,object,countable,Subkinds,termék-product,6
8,1,object,countable,Subkinds,takaró-blanket,4
8,2,object,countable,Subkinds,cikkek-good,2
8,1,object,countable,Subkinds,edény-dish,6
8,2,object,countable,Subkinds,golyó-bullet,1
8,1,object,countable,Subkinds,horgászkiegészítők-fishingaccessory,1
8,1,object,countable,Subkinds,konténer-container,7
8,2,object,countable,Subkinds,pohár-glass,6
8,1,object,countable,Subkinds,ruha-garment,5
8,2,object,countable,Subkinds,sportruhá-sportgarment,2
8,1,object,countable,Subkinds,termék-product,4
9,1,object,countable,Subkinds,takaró-blanket,5
9,2,object,countable,Subkinds,cikkek-good,2
9,1,object,countable,Subkinds,edény-dish,6
9,2,object,countable,Subkinds,golyó-bullet,5
9,1,object,countable,Subkinds,horgászkiegészítők-fishingaccessory,6
9,1,object,countable,Subkinds,konténer-container,2
9,2,object,countable,Subkinds,pohár-glass,3
9,1,object,countable,Subkinds,ruha-garment,6
9,2,object,countable,Subkinds,sportruhá-sportgarment,6
9,1,object,countable,Subkinds,termék-product,1
10,1,object,countable,Subkinds,takaró-blanket,2
10,2,object,countable,Subkinds,cikkek-good,3
10,1,object,countable,Subkinds,edény-dish,6
10,2,object,countable,Subkinds,golyó-bullet,6
10,1,object,countable,Subkinds,horgászkiegészítők-fishingaccessory,7
10,1,object,countable,Subkinds,konténer-container,4
10,2,object,countable,Subkinds,pohár-glass,2
10,1,object,countable,Subkinds,ruha-garment,5
10,2,object,countable,Subkinds,sportruhá-sportgarment,1
10,1,object,countable,Subkinds,termék-product,7
11,1,object,countable,Subkinds,takaró-blanket,4
11,2,object,countable,Subkinds,cikkek-good,6
11,1,object,countable,Subkinds,edény-dish,6
11,2,object,countable,Subkinds,golyó-bullet,4
11,1,object,countable,Subkinds,horgászkiegészítők-fishingaccessory,5
11,1,object,countable,Subkinds,konténer-container,4
11,2,object,countable,Subkinds,pohár-glass,3
11,1,object,countable,Subkinds,ruha-garment,5
11,2,object,countable,Subkinds,sportruhá-sportgarment,5
11,1,object,countable,Subkinds,termék-product,5
12,1,object,countable,Subkinds,takaró-blanket,3
12,2,object,countable,Subkinds,cikkek-good,4
12,1,object,countable,Subkinds,edény-dish,2
12,2,object,countable,Subkinds,golyó-bullet,7
12,1,object,countable,Subkinds,horgászkiegészítők-fishingaccessory,5
12,1,object,countable,Subkinds,konténer-container,3
12,2,object,countable,Subkinds,pohár-glass,1
12,1,object,countable,Subkinds,ruha-garment,6
12,2,object,countable,Subkinds,sportruhá-sportgarment,1
12,1,object,countable,Subkinds,termék-product,7
13,1,object,countable,Subkinds,takaró-blanket,5
13,2,object,countable,Subkinds,cikkek-good,7
13,1,object,countable,Subkinds,edény-dish,2
13,2,object,countable,Subkinds,golyó-bullet,3
13,1,object,countable,Subkinds,horgászkiegészítők-fishingaccessory,7
13,1,object,countable,Subkinds,konténer-container,2
13,2,object,countable,Subkinds,pohár-glass,1
13,1,object,countable,Subkinds,ruha-garment,4
13,2,object,countable,Subkinds,sportruhá-sportgarment,4
13,1,object,countable,Subkinds,termék-product,4
14,1,object,countable,Subkinds,takaró-blanket,2
14,2,object,countable,Subkinds,cikkek-good,4
14,1,object,countable,Subkinds,edény-dish,7
14,2,object,countable,Subkinds,golyó-bullet,7
14,1,object,countable,Subkinds,horgászkiegészítők-fishingaccessory,3
14,1,object,countable,Subkinds,konténer-container,3
14,2,object,countable,Subkinds,pohár-glass,6
14,1,object,countable,Subkinds,ruha-garment,7
14,2,object,countable,Subkinds,sportruhá-sportgarment,2
14,1,object,countable,Subkinds,termék-product,3
15,1,object,countable,Subkinds,takaró-blanket,5
15,2,object,countable,Subkinds,cikkek-good,2
15,1,object,countable,Subkinds,edény-dish,5
15,2,object,countable,Subkinds,golyó-bullet,2
15,1,object,countable,Subkinds,horgászkiegészítők-fishingaccessory,3
15,1,object,countable,Subkinds,konténer-container,7
15,2,object,countable,Subkinds,pohár-glass,1
15,1,object,countable,Subkinds,ruha-garment,1
15,2,object,countable,Subkinds,sportruhá-sportgarment,3
15,1,object,countable,Subkinds,termék-product,6
16,1,object,countable,Subkinds,takaró-blanket,1
16,2,object,countable,Subkinds,cikkek-good,2
16,1,object,countable,Subkinds,edény-dish,5
16,2,object,countable,Subkinds,golyó-bullet,1
16,1,object,countable,Subkinds,horgászkiegészítők-fishingaccessory,2
16,1,object,countable,Subkinds,konténer-container,7
16,2,object,countable,Subkinds,pohár-glass,2
16,1,object,countable,Subkinds,ruha-garment,7
16,2,object,countable,Subkinds,sportruhá-sportgarment,7
16,1,object,countable,Subkinds,termék-product,6
17,1,object,countable,Subkinds,takaró-blanket,3
17,2,object,countable,Subkinds,cikkek-good,4
17,1,object,countable,Subkinds,edény-dish,4
17,2,object,countable,Subkinds,golyó-bullet,4
17,1,object,countable,Subkinds,horgászkiegészítők-fishingaccessory,4
17,1,object,countable,Subkinds,konténer-container,1
17,2,object,countable,Subkinds,pohár-glass,7
17,1,object,countable,Subkinds,ruha-garment,4
17,2,object,countable,Subkinds,sportruhá-sportgarment,2
17,1,object,countable,Subkinds,termék-product,7
18,1,object,countable,Subkinds,takaró-blanket,5
18,2,object,countable,Subkinds,cikkek-good,3
18,1,object,countable,Subkinds,edény-dish,5
18,2,object,countable,Subkinds,golyó-bullet,3
18,1,object,countable,Subkinds,horgászkiegészítők-fishingaccessory,7
18,1,object,countable,Subkinds,konténer-container,5
18,2,object,countable,Subkinds,pohár-glass,4
18,1,object,countable,Subkinds,ruha-garment,2
18,2,object,countable,Subkinds,sportruhá-sportgarment,2
18,1,object,countable,Subkinds,termék-product,1
19,1,object,countable,Subkinds,takaró-blanket,4
19,2,object,countable,Subkinds,cikkek-good,6
19,1,object,countable,Subkinds,edény-dish,2
19,2,object,countable,Subkinds,golyó-bullet,7
19,1,object,countable,Subkinds,horgászkiegészítők-fishingaccessory,7
19,1,object,countable,Subkinds,konténer-container,6
19,2,object,countable,Subkinds,pohár-glass,2
19,1,object,countable,Subkinds,ruha-garment,5
19,2,object,countable,Subkinds,sportruhá-sportgarment,6
19,1,object,countable,Subkinds,termék-product,4
20,1,object,countable,Subkinds,takaró-blanket,4
20,2,object,countable,Subkinds,cikkek-good,6
20,1,object,countable,Subkinds,edény-dish,1
20,2,object,countable,Subkinds,golyó-bullet,4
20,1,object,countable,Subkinds,horgászkiegészítők-fishingaccessory,1
20,1,object,countable,Subkinds,konténer-container,3
20,2,object,countable,Subkinds,pohár-glass,3
20,1,object,countable,Subkinds,ruha-garment,3
20,2,object,countable,Subkinds,sportruhá-sportgarment,1
20,1,object,countable,Subkinds,termék-product,1
21,1,object,countable,Subkinds,takaró-blanket,4
21,2,object,countable,Subkinds,cikkek-good,5
21,1,object,countable,Subkinds,edény-dish,6
21,2,object,countable,Subkinds,golyó-bullet,7
21,1,object,countable,Subkinds,horgászkiegészítők-fishingaccessory,7
21,1,object,countable,Subkinds,konténer-container,7
21,2,object,countable,Subkinds,pohár-glass,4
21,1,object,countable,Subkinds,ruha-garment,5
21,2,object,countable,Subkinds,sportruhá-sportgarment,2
21,1,object,countable,Subkinds,termék-product,3
22,1,object,countable,Subkinds,takaró-blanket,5
22,2,object,countable,Subkinds,cikkek-good,2
22,1,object,countable,Subkinds,edény-dish,1
22,2,object,countable,Subkinds,golyó-bullet,7
22,1,object,countable,Subkinds,horgászkiegészítők-fishingaccessory,6
22,1,object,countable,Subkinds,konténer-container,2
22,2,object,countable,Subkinds,pohár-glass,5
22,1,object,countable,Subkinds,ruha-garment,2
22,2,object,countable,Subkinds,sportruhá-sportgarment,3
22,1,object,countable,Subkinds,termék-product,4
23,1,object,countable,Subkinds,takaró-blanket,7
23,2,object,countable,Subkinds,cikkek-good,1
23,1,object,countable,Subkinds,edény-dish,7
23,2,object,countable,Subkinds,golyó-bullet,7
23,1,object,countable,Subkinds,horgászkiegészítők-fishingaccessory,4
23,1,object,countable,Subkinds,konténer-container,2
23,2,object,countable,Subkinds,pohár-glass,3
23,1,object,countable,Subkinds,ruha-garment,4
23,2,object,countable,Subkinds,sportruhá-sportgarment,7
23,1,object,countable,Subkinds,termék-product,3
24,1,object,countable,Subkinds,takaró-blanket,6
24,2,object,countable,Subkinds,cikkek-good,3
24,1,object,countable,Subkinds,edény-dish,1
24,2,object,countable,Subkinds,golyó-bullet,4
24,1,object,countable,Subkinds,horgászkiegészítők-fishingaccessory,4
24,1,object,countable,Subkinds,konténer-container,5
24,2,object,countable,Subkinds,pohár-glass,3
24,1,object,countable,Subkinds,ruha-garment,7
24,2,object,countable,Subkinds,sportruhá-sportgarment,2
24,1,object,countable,Subkinds,termék-product,1
25,1,object,countable,Subkinds,takaró-blanket,1
25,2,object,countable,Subkinds,cikkek-good,1
25,1,object,countable,Subkinds,edény-dish,3
25,2,object,countable,Subkinds,golyó-bullet,3
25,1,object,countable,Subkinds,horgászkiegészítők-fishingaccessory,3
25,1,object,countable,Subkinds,konténer-container,7
25,2,object,countable,Subkinds,pohár-glass,1
25,1,object,countable,Subkinds,ruha-garment,6
25,2,object,countable,Subkinds,sportruhá-sportgarment,5
25,1,object,countable,Subkinds,termék-product,4
26,1,object,countable,Subkinds,takaró-blanket,7
26,2,object,countable,Subkinds,cikkek-good,6
26,1,object,countable,Subkinds,edény-dish,4
26,2,object,countable,Subkinds,golyó-bullet,5
26,1,object,countable,Subkinds,horgászkiegészítők-fishingaccessory,7
26,1,object,countable,Subkinds,konténer-container,6
26,2,object,countable,Subkinds,pohár-glass,1
26,1,object,countable,Subkinds,ruha-garment,6
26,2,object,countable,Subkinds,sportruhá-sportgarment,4
26,1,object,countable,Subkinds,termék-product,5
27,1,object,countable,Subkinds,takaró-blanket,6
27,2,object,countable,Subkinds,cikkek-good,7
27,1,object,countable,Subkinds,edény-dish,4
27,2,object,countable,Subkinds,golyó-bullet,4
27,1,object,countable,Subkinds,horgászkiegészítők-fishingaccessory,6
27,1,object,countable,Subkinds,konténer-container,5
27,2,object,countable,Subkinds,pohár-glass,7
27,1,object,countable,Subkinds,ruha-garment,2
27,2,object,countable,Subkinds,sportruhá-sportgarment,3
27,1,object,countable,Subkinds,termék-product,7
28,1,object,countable,Subkinds,takaró-blanket,5
28,2,object,countable,Subkinds,cikkek-good,1
28,1,object,countable,Subkinds,edény-dish,5
28,2,object,countable,Subkinds,golyó-bullet,1
28,1,object,countable,Subkinds,horgászkiegészítők-fishingaccessory,2
28,1,object,countable,Subkinds,konténer-container,3
28,2,object,countable,Subkinds,pohár-glass,5
28,1,object,countable,Subkinds,ruha-garment,7
28,2,object,countable,Subkinds,sportruhá-sportgarment,3
28,1,object,countable,Subkinds,termék-product,7
29,1,object,countable,Subkinds,takaró-blanket,6
29,2,object,countable,Subkinds,cikkek-good,3
29,1,object,countable,Subkinds,edény-dish,5
29,2,object,countable,Subkinds,golyó-bullet,4
29,1,object,countable,Subkinds,horgászkiegészítők-fishingaccessory,1
29,1,object,countable,Subkinds,konténer-container,4
29,2,object,countable,Subkinds,pohár-glass,6
29,1,object,countable,Subkinds,ruha-garment,5
29,2,object,countable,Subkinds,sportruhá-sportgarment,4
29,1,object,countable,Subkinds,termék-product,3
30,1,object,countable,Subkinds,takaró-blanket,3
30,2,object,countable,Subkinds,cikkek-good,1
30,1,object,countable,Subkinds,edény-dish,6
30,2,object,countable,Subkinds,golyó-bullet,3
30,1,object,countable,Subkinds,horgászkiegészítők-fishingaccessory,3
30,1,object,countable,Subkinds,konténer-container,2
30,2,object,countable,Subkinds,pohár-glass,4
30,1,object,countable,Subkinds,ruha-garment,4
30,2,object,countable,Subkinds,sportruhá-sportgarment,6
30,1,object,countable,Subkinds,termék-product,5
1,2,object,uncountable,Subkinds,ágynemű-bedding,4
1,1,object,uncountable,Subkinds,áru-merchandise,7
1,2,object,uncountable,Subkinds,horgászfelszerelés-fishingtackle,4
1,1,object,uncountable,Subkinds,készlet-stock,5
1,1,object,uncountable,Subkinds,lőszer-ammunition,5
1,2,object,uncountable,Subkinds,műanyagáru-plasticware,1
1,2,object,uncountable,Subkinds,porcelán-china,5
1,2,object,uncountable,Subkinds,ruházat-apparel,6
1,1,object,uncountable,Subkinds,sportruházat-sportswear,5
1,1,object,uncountable,Subkinds,üvegáru-glassware,1
2,2,object,uncountable,Subkinds,ágynemű-bedding,3
2,1,object,uncountable,Subkinds,áru-merchandise,7
2,2,object,uncountable,Subkinds,horgászfelszerelés-fishingtackle,1
2,1,object,uncountable,Subkinds,készlet-stock,7
2,1,object,uncountable,Subkinds,lőszer-ammunition,3
2,2,object,uncountable,Subkinds,műanyagáru-plasticware,2
2,2,object,uncountable,Subkinds,porcelán-china,6
2,2,object,uncountable,Subkinds,ruházat-apparel,6
2,1,object,uncountable,Subkinds,sportruházat-sportswear,7
2,1,object,uncountable,Subkinds,üvegáru-glassware,7
3,2,object,uncountable,Subkinds,ágynemű-bedding,4
3,1,object,uncountable,Subkinds,áru-merchandise,6
3,2,object,uncountable,Subkinds,horgászfelszerelés-fishingtackle,4
3,1,object,uncountable,Subkinds,készlet-stock,4
3,1,object,uncountable,Subkinds,lőszer-ammunition,4
3,2,object,uncountable,Subkinds,műanyagáru-plasticware,7
3,2,object,uncountable,Subkinds,porcelán-china,4
3,2,object,uncountable,Subkinds,ruházat-apparel,5
3,1,object,uncountable,Subkinds,sportruházat-sportswear,1
3,1,object,uncountable,Subkinds,üvegáru-glassware,6
4,2,object,uncountable,Subkinds,ágynemű-bedding,2
4,1,object,uncountable,Subkinds,áru-merchandise,5
4,2,object,uncountable,Subkinds,horgászfelszerelés-fishingtackle,1
4,1,object,uncountable,Subkinds,készlet-stock,6
4,1,object,uncountable,Subkinds,lőszer-ammunition,4
4,2,object,uncountable,Subkinds,műanyagáru-plasticware,3
4,2,object,uncountable,Subkinds,porcelán-china,6
4,2,object,uncountable,Subkinds,ruházat-apparel,4
4,1,object,uncountable,Subkinds,sportruházat-sportswear,6
4,1,object,uncountable,Subkinds,üvegáru-glassware,5
5,2,object,uncountable,Subkinds,ágynemű-bedding,7
5,1,object,uncountable,Subkinds,áru-merchandise,7
5,2,object,uncountable,Subkinds,horgászfelszerelés-fishingtackle,1
5,1,object,uncountable,Subkinds,készlet-stock,3
5,1,object,uncountable,Subkinds,lőszer-ammunition,3
5,2,object,uncountable,Subkinds,műanyagáru-plasticware,3
5,2,object,uncountable,Subkinds,porcelán-china,5
5,2,object,uncountable,Subkinds,ruházat-apparel,1
5,1,object,uncountable,Subkinds,sportruházat-sportswear,4
5,1,object,uncountable,Subkinds,üvegáru-glassware,6
6,2,object,uncountable,Subkinds,ágynemű-bedding,3
6,1,object,uncountable,Subkinds,áru-merchandise,1
6,2,object,uncountable,Subkinds,horgászfelszerelés-fishingtackle,4
6,1,object,uncountable,Subkinds,készlet-stock,2
6,1,object,uncountable,Subkinds,lőszer-ammunition,2
6,2,object,uncountable,Subkinds,műanyagáru-plasticware,2
6,2,object,uncountable,Subkinds,porcelán-china,7
6,2,object,uncountable,Subkinds,ruházat-apparel,7
6,1,object,uncountable,Subkinds,sportruházat-sportswear,7
6,1,object,uncountable,Subkinds,üvegáru-glassware,7
7,2,object,uncountable,Subkinds,ágynemű-bedding,3
7,1,object,uncountable,Subkinds,áru-merchandise,2
7,2,object,uncountable,Subkinds,horgászfelszerelés-fishingtackle,7
7,1,object,uncountable,Subkinds,készlet-stock,4
7,1,object,uncountable,Subkinds,lőszer-ammunition,1
7,2,object,uncountable,Subkinds,műanyagáru-plasticware,5
7,2,object,uncountable,Subkinds,porcelán-china,3
7,2,object,uncountable,Subkinds,ruházat-apparel,4
7,1,object,uncountable,Subkinds,sportruházat-sportswear,5
7,1,object,uncountable,Subkinds,üvegáru-glassware,2
8,2,object,uncountable,Subkinds,ágynemű-bedding,3
8,1,object,uncountable,Subkinds,áru-merchandise,6
8,2,object,uncountable,Subkinds,horgászfelszerelés-fishingtackle,4
8,1,object,uncountable,Subkinds,készlet-stock,7
8,1,object,uncountable,Subkinds,lőszer-ammunition,2
8,2,object,uncountable,Subkinds,műanyagáru-plasticware,3
8,2,object,uncountable,Subkinds,porcelán-china,2
8,2,object,uncountable,Subkinds,ruházat-apparel,7
8,1,object,uncountable,Subkinds,sportruházat-sportswear,3
8,1,object,uncountable,Subkinds,üvegáru-glassware,3
9,2,object,uncountable,Subkinds,ágynemű-bedding,4
9,1,object,uncountable,Subkinds,áru-merchandise,4
9,2,object,uncountable,Subkinds,horgászfelszerelés-fishingtackle,7
9,1,object,uncountable,Subkinds,készlet-stock,2
9,1,object,uncountable,Subkinds,lőszer-ammunition,2
9,2,object,uncountable,Subkinds,műanyagáru-plasticware,1
9,2,object,uncountable,Subkinds,porcelán-china,6
9,2,object,uncountable,Subkinds,ruházat-apparel,1
9,1,object,uncountable,Subkinds,sportruházat-sportswear,5
9,1,object,uncountable,Subkinds,üvegáru-glassware,4
10,2,object,uncountable,Subkinds,ágynemű-bedding,4
10,1,object,uncountable,Subkinds,áru-merchandise,5
10,2,object,uncountable,Subkinds,horgászfelszerelés-fishingtackle,2
10,1,object,uncountable,Subkinds,készlet-stock,1
10,1,object,uncountable,Subkinds,lőszer-ammunition,3
10,2,object,uncountable,Subkinds,műanyagáru-plasticware,6
10,2,object,uncountable,Subkinds,porcelán-china,4
10,2,object,uncountable,Subkinds,ruházat-apparel,3
10,1,object,uncountable,Subkinds,sportruházat-sportswear,3
10,1,object,uncountable,Subkinds,üvegáru-glassware,1
11,2,object,uncountable,Subkinds,ágynemű-bedding,6
11,1,object,uncountable,Subkinds,áru-merchandise,2
11,2,object,uncountable,Subkinds,horgászfelszerelés-fishingtackle,5
11,1,object,uncountable,Subkinds,készlet-stock,4
11,1,object,uncountable,Subkinds,lőszer-ammunition,6
11,2,object,uncountable,Subkinds,műanyagáru-plasticware,1
11,2,object,uncountable,Subkinds,porcelán-china,2
11,2,object,uncountable,Subkinds,ruházat-apparel,6
11,1,object,uncountable,Subkinds,sportruházat-sportswear,6
11,1,object,uncountable,Subkinds,üvegáru-glassware,3
12,2,object,uncountable,Subkinds,ágynemű-bedding,7
12,1,object,uncountable,Subkinds,áru-merchandise,3
12,2,object,uncountable,Subkinds,horgászfelszerelés-fishingtackle,7
12,1,object,uncountable,Subkinds,készlet-stock,4
12,1,object,uncountable,Subkinds,lőszer-ammunition,1
12,2,object,uncountable,Subkinds,műanyagáru-plasticware,1
12,2,object,uncountable,Subkinds,porcelán-china,2
12,2,object,uncountable,Subkinds,ruházat-apparel,7
12,1,object,uncountable,Subkinds,sportruházat-sportswear,1
12,1,object,uncountable,Subkinds,üvegáru-glassware,5
13,2,object,uncountable,Subkinds,ágynemű-bedding,7
13,1,object,uncountable,Subkinds,áru-merchandise,5
13,2,object,uncountable,Subkinds,horgászfelszerelés-fishingtackle,5
13,1,object,uncountable,Subkinds,készlet-stock,1
13,1,object,uncountable,Subkinds,lőszer-ammunition,5
13,2,object,uncountable,Subkinds,műanyagáru-plasticware,4
13,2,object,uncountable,Subkinds,porcelán-china,3
13,2,object,uncountable,Subkinds,ruházat-apparel,1
13,1,object,uncountable,Subkinds,sportruházat-sportswear,3
13,1,object,uncountable,Subkinds,üvegáru-glassware,1
14,2,object,uncountable,Subkinds,ágynemű-bedding,7
14,1,object,uncountable,Subkinds,áru-merchandise,4
14,2,object,uncountable,Subkinds,horgászfelszerelés-fishingtackle,2
14,1,object,uncountable,Subkinds,készlet-stock,1
14,1,object,uncountable,Subkinds,lőszer-ammunition,7
14,2,object,uncountable,Subkinds,műanyagáru-plasticware,5
14,2,object,uncountable,Subkinds,porcelán-china,4
14,2,object,uncountable,Subkinds,ruházat-apparel,3
14,1,object,uncountable,Subkinds,sportruházat-sportswear,3
14,1,object,uncountable,Subkinds,üvegáru-glassware,6
15,2,object,uncountable,Subkinds,ágynemű-bedding,3
15,1,object,uncountable,Subkinds,áru-merchandise,6
15,2,object,uncountable,Subkinds,horgászfelszerelés-fishingtackle,1
15,1,object,uncountable,Subkinds,készlet-stock,4
15,1,object,uncountable,Subkinds,lőszer-ammunition,1
15,2,object,uncountable,Subkinds,műanyagáru-plasticware,4
15,2,object,uncountable,Subkinds,porcelán-china,6
15,2,object,uncountable,Subkinds,ruházat-apparel,4
15,1,object,uncountable,Subkinds,sportruházat-sportswear,1
15,1,object,uncountable,Subkinds,üvegáru-glassware,3
16,2,object,uncountable,Subkinds,ágynemű-bedding,6
16,1,object,uncountable,Subkinds,áru-merchandise,4
16,2,object,uncountable,Subkinds,horgászfelszerelés-fishingtackle,1
16,1,object,uncountable,Subkinds,készlet-stock,7
16,1,object,uncountable,Subkinds,lőszer-ammunition,5
16,2,object,uncountable,Subkinds,műanyagáru-plasticware,4
16,2,object,uncountable,Subkinds,porcelán-china,2
16,2,object,uncountable,Subkinds,ruházat-apparel,4
16,1,object,uncountable,Subkinds,sportruházat-sportswear,7
16,1,object,uncountable,Subkinds,üvegáru-glassware,5
17,2,object,uncountable,Subkinds,ágynemű-bedding,3
17,1,object,uncountable,Subkinds,áru-merchandise,2
17,2,object,uncountable,Subkinds,horgászfelszerelés-fishingtackle,2
17,1,object,uncountable,Subkinds,készlet-stock,2
17,1,object,uncountable,Subkinds,lőszer-ammunition,7
17,2,object,uncountable,Subkinds,műanyagáru-plasticware,1
17,2,object,uncountable,Subkinds,porcelán-china,1
17,2,object,uncountable,Subkinds,ruházat-apparel,1
17,1,object,uncountable,Subkinds,sportruházat-sportswear,2
17,1,object,uncountable,Subkinds,üvegáru-glassware,1
18,2,object,uncountable,Subkinds,ágynemű-bedding,6
18,1,object,uncountable,Subkinds,áru-merchandise,1
18,2,object,uncountable,Subkinds,horgászfelszerelés-fishingtackle,2
18,1,object,uncountable,Subkinds,készlet-stock,5
18,1,object,uncountable,Subkinds,lőszer-ammunition,5
18,2,object,uncountable,Subkinds,műanyagáru-plasticware,2
18,2,object,uncountable,Subkinds,porcelán-china,3
18,2,object,uncountable,Subkinds,ruházat-apparel,7
18,1,object,uncountable,Subkinds,sportruházat-sportswear,6
18,1,object,uncountable,Subkinds,üvegáru-glassware,5
19,2,object,uncountable,Subkinds,ágynemű-bedding,7
19,1,object,uncountable,Subkinds,áru-merchandise,6
19,2,object,uncountable,Subkinds,horgászfelszerelés-fishingtackle,6
19,1,object,uncountable,Subkinds,készlet-stock,2
19,1,object,uncountable,Subkinds,lőszer-ammunition,4
19,2,object,uncountable,Subkinds,műanyagáru-plasticware,4
19,2,object,uncountable,Subkinds,porcelán-china,2
19,2,object,uncountable,Subkinds,ruházat-apparel,4
19,1,object,uncountable,Subkinds,sportruházat-sportswear,6
19,1,object,uncountable,Subkinds,üvegáru-glassware,5
20,2,object,uncountable,Subkinds,ágynemű-bedding,5
20,1,object,uncountable,Subkinds,áru-merchandise,4
20,2,object,uncountable,Subkinds,horgászfelszerelés-fishingtackle,7
20,1,object,uncountable,Subkinds,készlet-stock,1
20,1,object,uncountable,Subkinds,lőszer-ammunition,6
20,2,object,uncountable,Subkinds,műanyagáru-plasticware,1
20,2,object,uncountable,Subkinds,porcelán-china,6
20,2,object,uncountable,Subkinds,ruházat-apparel,7
20,1,object,uncountable,Subkinds,sportruházat-sportswear,2
20,1,object,uncountable,Subkinds,üvegáru-glassware,7
21,2,object,uncountable,Subkinds,ágynemű-bedding,7
21,1,object,uncountable,Subkinds,áru-merchandise,4
21,2,object,uncountable,Subkinds,horgászfelszerelés-fishingtackle,6
21,1,object,uncountable,Subkinds,készlet-stock,7
21,1,object,uncountable,Subkinds,lőszer-ammunition,7
21,2,object,uncountable,Subkinds,műanyagáru-plasticware,4
21,2,object,uncountable,Subkinds,porcelán-china,5
21,2,object,uncountable,Subkinds,ruházat-apparel,7
21,1,object,uncountable,Subkinds,sportruházat-sportswear,5
21,1,object,uncountable,Subkinds,üvegáru-glassware,2
22,2,object,uncountable,Subkinds,ágynemű-bedding,2
22,1,object,uncountable,Subkinds,áru-merchandise,7
22,2,object,uncountable,Subkinds,horgászfelszerelés-fishingtackle,5
22,1,object,uncountable,Subkinds,készlet-stock,5
22,1,object,uncountable,Subkinds,lőszer-ammunition,6
22,2,object,uncountable,Subkinds,műanyagáru-plasticware,1
22,2,object,uncountable,Subkinds,porcelán-china,7
22,2,object,uncountable,Subkinds,ruházat-apparel,1
22,1,object,uncountable,Subkinds,sportruházat-sportswear,4
22,1,object,uncountable,Subkinds,üvegáru-glassware,2
23,2,object,uncountable,Subkinds,ágynemű-bedding,7
23,1,object,uncountable,Subkinds,áru-merchandise,7
23,2,object,uncountable,Subkinds,horgászfelszerelés-fishingtackle,2
23,1,object,uncountable,Subkinds,készlet-stock,4
23,1,object,uncountable,Subkinds,lőszer-ammunition,2
23,2,object,uncountable,Subkinds,műanyagáru-plasticware,5
23,2,object,uncountable,Subkinds,porcelán-china,7
23,2,object,uncountable,Subkinds,ruházat-apparel,3
23,1,object,uncountable,Subkinds,sportruházat-sportswear,2
23,1,object,uncountable,Subkinds,üvegáru-glassware,3
24,2,object,uncountable,Subkinds,ágynemű-bedding,1
24,1,object,uncountable,Subkinds,áru-merchandise,3
24,2,object,uncountable,Subkinds,horgászfelszerelés-fishingtackle,7
24,1,object,uncountable,Subkinds,készlet-stock,1
24,1,object,uncountable,Subkinds,lőszer-ammunition,7
24,2,object,uncountable,Subkinds,műanyagáru-plasticware,5
24,2,object,uncountable,Subkinds,porcelán-china,7
24,2,object,uncountable,Subkinds,ruházat-apparel,5
24,1,object,uncountable,Subkinds,sportruházat-sportswear,1
24,1,object,uncountable,Subkinds,üvegáru-glassware,5
25,2,object,uncountable,Subkinds,ágynemű-bedding,4
25,1,object,uncountable,Subkinds,áru-merchandise,7
25,2,object,uncountable,Subkinds,horgászfelszerelés-fishingtackle,3
25,1,object,uncountable,Subkinds,készlet-stock,1
25,1,object,uncountable,Subkinds,lőszer-ammunition,2
25,2,object,uncountable,Subkinds,műanyagáru-plasticware,2
25,2,object,uncountable,Subkinds,porcelán-china,2
25,2,object,uncountable,Subkinds,ruházat-apparel,4
25,1,object,uncountable,Subkinds,sportruházat-sportswear,1
25,1,object,uncountable,Subkinds,üvegáru-glassware,1
26,2,object,uncountable,Subkinds,ágynemű-bedding,4
26,1,object,uncountable,Subkinds,áru-merchandise,5
26,2,object,uncountable,Subkinds,horgászfelszerelés-fishingtackle,4
26,1,object,uncountable,Subkinds,készlet-stock,5
26,1,object,uncountable,Subkinds,lőszer-ammunition,6
26,2,object,uncountable,Subkinds,műanyagáru-plasticware,1
26,2,object,uncountable,Subkinds,porcelán-china,5
26,2,object,uncountable,Subkinds,ruházat-apparel,2
26,1,object,uncountable,Subkinds,sportruházat-sportswear,5
26,1,object,uncountable,Subkinds,üvegáru-glassware,5
27,2,object,uncountable,Subkinds,ágynemű-bedding,5
27,1,object,uncountable,Subkinds,áru-merchandise,1
27,2,object,uncountable,Subkinds,horgászfelszerelés-fishingtackle,1
27,1,object,uncountable,Subkinds,készlet-stock,3
27,1,object,uncountable,Subkinds,lőszer-ammunition,1
27,2,object,uncountable,Subkinds,műanyagáru-plasticware,5
27,2,object,uncountable,Subkinds,porcelán-china,5
27,2,object,uncountable,Subkinds,ruházat-apparel,5
27,1,object,uncountable,Subkinds,sportruházat-sportswear,1
27,1,object,uncountable,Subkinds,üvegáru-glassware,6
28,2,object,uncountable,Subkinds,ágynemű-bedding,1
28,1,object,uncountable,Subkinds,áru-merchandise,6
28,2,object,uncountable,Subkinds,horgászfelszerelés-fishingtackle,2
28,1,object,uncountable,Subkinds,készlet-stock,3
28,1,object,uncountable,Subkinds,lőszer-ammunition,2
28,2,object,uncountable,Subkinds,műanyagáru-plasticware,4
28,2,object,uncountable,Subkinds,porcelán-china,4
28,2,object,uncountable,Subkinds,ruházat-apparel,4
28,1,object,uncountable,Subkinds,sportruházat-sportswear,1
28,1,object,uncountable,Subkinds,üvegáru-glassware,7
29,2,object,uncountable,Subkinds,ágynemű-bedding,4
29,1,object,uncountable,Subkinds,áru-merchandise,5
29,2,object,uncountable,Subkinds,horgászfelszerelés-fishingtackle,3
29,1,object,uncountable,Subkinds,készlet-stock,2
29,1,object,uncountable,Subkinds,lőszer-ammunition,2
29,2,object,uncountable,Subkinds,műanyagáru-plasticware,4
29,2,object,uncountable,Subkinds,porcelán-china,6
29,2,object,uncountable,Subkinds,ruházat-apparel,5
29,1,object,uncountable,Subkinds,sportruházat-sportswear,4
29,1,object,uncountable,Subkinds,üvegáru-glassware,7
30,2,object,uncountable,Subkinds,ágynemű-bedding,5
30,1,object,uncountable,Subkinds,áru-merchandise,3
30,2,object,uncountable,Subkinds,horgászfelszerelés-fishingtackle,1
30,1,object,uncountable,Subkinds,készlet-stock,1
30,1,object,uncountable,Subkinds,lőszer-ammunition,2
30,2,object,uncountable,Subkinds,műanyagáru-plasticware,1
30,2,object,uncountable,Subkinds,porcelán-china,4
30,2,object,uncountable,Subkinds,ruházat-apparel,2
30,1,object,uncountable,Subkinds,sportruházat-sportswear,3
30,1,object,uncountable,Subkinds,üvegáru-glassware,6
1,2,substance,uncountable,Subkinds,acél-steel,7
1,2,substance,uncountable,Subkinds,arany-gold,6
1,2,substance,uncountable,Subkinds,bor-wine,5
1,2,substance,uncountable,Subkinds,fa-wood,6
1,2,substance,uncountable,Subkinds,homok-sand,7
1,1,substance,uncountable,Subkinds,kávé-coffee,5
1,1,substance,uncountable,Subkinds,sör-beer,7
1,1,substance,uncountable,Subkinds,talaj-soil,6
1,1,substance,uncountable,Subkinds,vér-blood,5
1,1,substance,uncountable,Subkinds,viz-water,6
2,2,substance,uncountable,Subkinds,acél-steel,6
2,2,substance,uncountable,Subkinds,arany-gold,6
2,2,substance,uncountable,Subkinds,bor-wine,5
2,2,substance,uncountable,Subkinds,fa-wood,5
2,2,substance,uncountable,Subkinds,homok-sand,5
2,1,substance,uncountable,Subkinds,kávé-coffee,7
2,1,substance,uncountable,Subkinds,sör-beer,6
2,1,substance,uncountable,Subkinds,talaj-soil,6
2,1,substance,uncountable,Subkinds,vér-blood,7
2,1,substance,uncountable,Subkinds,viz-water,5
3,2,substance,uncountable,Subkinds,acél-steel,6
3,2,substance,uncountable,Subkinds,arany-gold,7
3,2,substance,uncountable,Subkinds,bor-wine,6
3,2,substance,uncountable,Subkinds,fa-wood,6
3,2,substance,uncountable,Subkinds,homok-sand,6
3,1,substance,uncountable,Subkinds,kávé-coffee,5
3,1,substance,uncountable,Subkinds,sör-beer,7
3,1,substance,uncountable,Subkinds,talaj-soil,7
3,1,substance,uncountable,Subkinds,vér-blood,6
3,1,substance,uncountable,Subkinds,viz-water,7
4,2,substance,uncountable,Subkinds,acél-steel,6
4,2,substance,uncountable,Subkinds,arany-gold,7
4,2,substance,uncountable,Subkinds,bor-wine,6
4,2,substance,uncountable,Subkinds,fa-wood,5
4,2,substance,uncountable,Subkinds,homok-sand,5
4,1,substance,uncountable,Subkinds,kávé-coffee,6
4,1,substance,uncountable,Subkinds,sör-beer,5
4,1,substance,uncountable,Subkinds,talaj-soil,6
4,1,substance,uncountable,Subkinds,vér-blood,6
4,1,substance,uncountable,Subkinds,viz-water,7
5,2,substance,uncountable,Subkinds,acél-steel,6
5,2,substance,uncountable,Subkinds,arany-gold,7
5,2,substance,uncountable,Subkinds,bor-wine,7
5,2,substance,uncountable,Subkinds,fa-wood,7
5,2,substance,uncountable,Subkinds,homok-sand,5
5,1,substance,uncountable,Subkinds,kávé-coffee,7
5,1,substance,uncountable,Subkinds,sör-beer,7
5,1,substance,uncountable,Subkinds,talaj-soil,7
5,1,substance,uncountable,Subkinds,vér-blood,7
5,1,substance,uncountable,Subkinds,viz-water,6
6,2,substance,uncountable,Subkinds,acél-steel,7
6,2,substance,uncountable,Subkinds,arany-gold,6
6,2,substance,uncountable,Subkinds,bor-wine,7
6,2,substance,uncountable,Subkinds,fa-wood,7
6,2,substance,uncountable,Subkinds,homok-sand,7
6,1,substance,uncountable,Subkinds,kávé-coffee,6
6,1,substance,uncountable,Subkinds,sör-beer,5
6,1,substance,uncountable,Subkinds,talaj-soil,6
6,1,substance,uncountable,Subkinds,vér-blood,5
6,1,substance,uncountable,Subkinds,viz-water,7
7,2,substance,uncountable,Subkinds,acél-steel,7
7,2,substance,uncountable,Subkinds,arany-gold,5
7,2,substance,uncountable,Subkinds,bor-wine,7
7,2,substance,uncountable,Subkinds,fa-wood,6
7,2,substance,uncountable,Subkinds,homok-sand,5
7,1,substance,uncountable,Subkinds,kávé-coffee,5
7,1,substance,uncountable,Subkinds,sör-beer,7
7,1,substance,uncountable,Subkinds,talaj-soil,5
7,1,substance,uncountable,Subkinds,vér-blood,5
7,1,substance,uncountable,Subkinds,viz-water,6
8,2,substance,uncountable,Subkinds,acél-steel,6
8,2,substance,uncountable,Subkinds,arany-gold,6
8,2,substance,uncountable,Subkinds,bor-wine,6
8,2,substance,uncountable,Subkinds,fa-wood,6
8,2,substance,uncountable,Subkinds,homok-sand,6
8,1,substance,uncountable,Subkinds,kávé-coffee,6
8,1,substance,uncountable,Subkinds,sör-beer,6
8,1,substance,uncountable,Subkinds,talaj-soil,5
8,1,substance,uncountable,Subkinds,vér-blood,7
8,1,substance,uncountable,Subkinds,viz-water,5
9,2,substance,uncountable,Subkinds,acél-steel,7
9,2,substance,uncountable,Subkinds,arany-gold,6
9,2,substance,uncountable,Subkinds,bor-wine,5
9,2,substance,uncountable,Subkinds,fa-wood,5
9,2,substance,uncountable,Subkinds,homok-sand,6
9,1,substance,uncountable,Subkinds,kávé-coffee,6
9,1,substance,uncountable,Subkinds,sör-beer,5
9,1,substance,uncountable,Subkinds,talaj-soil,7
9,1,substance,uncountable,Subkinds,vér-blood,6
9,1,substance,uncountable,Subkinds,viz-water,7
10,2,substance,uncountable,Subkinds,acél-steel,7
10,2,substance,uncountable,Subkinds,arany-gold,6
10,2,substance,uncountable,Subkinds,bor-wine,6
10,2,substance,uncountable,Subkinds,fa-wood,6
10,2,substance,uncountable,Subkinds,homok-sand,7
10,1,substance,uncountable,Subkinds,kávé-coffee,7
10,1,substance,uncountable,Subkinds,sör-beer,7
10,1,substance,uncountable,Subkinds,talaj-soil,6
10,1,substance,uncountable,Subkinds,vér-blood,5
10,1,substance,uncountable,Subkinds,viz-water,5
11,2,substance,uncountable,Subkinds,acél-steel,6
11,2,substance,uncountable,Subkinds,arany-gold,5
11,2,substance,uncountable,Subkinds,bor-wine,6
11,2,substance,uncountable,Subkinds,fa-wood,7
11,2,substance,uncountable,Subkinds,homok-sand,6
11,1,substance,uncountable,Subkinds,kávé-coffee,7
11,1,substance,uncountable,Subkinds,sör-beer,5
11,1,substance,uncountable,Subkinds,talaj-soil,6
11,1,substance,uncountable,Subkinds,vér-blood,7
11,1,substance,uncountable,Subkinds,viz-water,5
12,2,substance,uncountable,Subkinds,acél-steel,7
12,2,substance,uncountable,Subkinds,arany-gold,7
12,2,substance,uncountable,Subkinds,bor-wine,5
12,2,substance,uncountable,Subkinds,fa-wood,5
12,2,substance,uncountable,Subkinds,homok-sand,5
12,1,substance,uncountable,Subkinds,kávé-coffee,5
12,1,substance,uncountable,Subkinds,sör-beer,5
12,1,substance,uncountable,Subkinds,talaj-soil,5
12,1,substance,uncountable,Subkinds,vér-blood,6
12,1,substance,uncountable,Subkinds,viz-water,7
13,2,substance,uncountable,Subkinds,acél-steel,5
13,2,substance,uncountable,Subkinds,arany-gold,5
13,2,substance,uncountable,Subkinds,bor-wine,7
13,2,substance,uncountable,Subkinds,fa-wood,5
13,2,substance,uncountable,Subkinds,homok-sand,5
13,1,substance,uncountable,Subkinds,kávé-coffee,7
13,1,substance,uncountable,Subkinds,sör-beer,6
13,1,substance,uncountable,Subkinds,talaj-soil,5
13,1,substance,uncountable,Subkinds,vér-blood,6
13,1,substance,uncountable,Subkinds,viz-water,6
14,2,substance,uncountable,Subkinds,acél-steel,5
14,2,substance,uncountable,Subkinds,arany-gold,6
14,2,substance,uncountable,Subkinds,bor-wine,5
14,2,substance,uncountable,Subkinds,fa-wood,6
14,2,substance,uncountable,Subkinds,homok-sand,6
14,1,substance,uncountable,Subkinds,kávé-coffee,5
14,1,substance,uncountable,Subkinds,sör-beer,7
14,1,substance,uncountable,Subkinds,talaj-soil,5
14,1,substance,uncountable,Subkinds,vér-blood,7
14,1,substance,uncountable,Subkinds,viz-water,5
15,2,substance,uncountable,Subkinds,acél-steel,6
15,2,substance,uncountable,Subkinds,arany-gold,6
15,2,substance,uncountable,Subkinds,bor-wine,5
15,2,substance,uncountable,Subkinds,fa-wood,7
15,2,substance,uncountable,Subkinds,homok-sand,5
15,1,substance,uncountable,Subkinds,kávé-coffee,5
15,1,substance,uncountable,Subkinds,sör-beer,7
15,1,substance,uncountable,Subkinds,talaj-soil,7
15,1,substance,uncountable,Subkinds,vér-blood,5
15,1,substance,uncountable,Subkinds,viz-water,6
16,2,substance,uncountable,Subkinds,acél-steel,6
16,2,substance,uncountable,Subkinds,arany-gold,5
16,2,substance,uncountable,Subkinds,bor-wine,6
16,2,substance,uncountable,Subkinds,fa-wood,7
16,2,substance,uncountable,Subkinds,homok-sand,6
16,1,substance,uncountable,Subkinds,kávé-coffee,7
16,1,substance,uncountable,Subkinds,sör-beer,6
16,1,substance,uncountable,Subkinds,talaj-soil,5
16,1,substance,uncountable,Subkinds,vér-blood,5
16,1,substance,uncountable,Subkinds,viz-water,6
17,2,substance,uncountable,Subkinds,acél-steel,6
17,2,substance,uncountable,Subkinds,arany-gold,7
17,2,substance,uncountable,Subkinds,bor-wine,5
17,2,substance,uncountable,Subkinds,fa-wood,6
17,2,substance,uncountable,Subkinds,homok-sand,7
17,1,substance,uncountable,Subkinds,kávé-coffee,5
17,1,substance,uncountable,Subkinds,sör-beer,6
17,1,substance,uncountable,Subkinds,talaj-soil,5
17,1,substance,uncountable,Subkinds,vér-blood,6
17,1,substance,uncountable,Subkinds,viz-water,6
18,2,substance,uncountable,Subkinds,acél-steel,5
18,2,substance,uncountable,Subkinds,arany-gold,7
18,2,substance,uncountable,Subkinds,bor-wine,7
18,2,substance,uncountable,Subkinds,fa-wood,5
18,2,substance,uncountable,Subkinds,homok-sand,7
18,1,substance,uncountable,Subkinds,kávé-coffee,5
18,1,substance,uncountable,Subkinds,sör-beer,7
18,1,substance,uncountable,Subkinds,talaj-soil,6
18,1,substance,uncountable,Subkinds,vér-blood,5
18,1,substance,uncountable,Subkinds,viz-water,5
19,2,substance,uncountable,Subkinds,acél-steel,6
19,2,substance,uncountable,Subkinds,arany-gold,6
19,2,substance,uncountable,Subkinds,bor-wine,7
19,2,substance,uncountable,Subkinds,fa-wood,7
19,2,substance,uncountable,Subkinds,homok-sand,5
19,1,substance,uncountable,Subkinds,kávé-coffee,7
19,1,substance,uncountable,Subkinds,sör-beer,7
19,1,substance,uncountable,Subkinds,talaj-soil,7
19,1,substance,uncountable,Subkinds,vér-blood,7
19,1,substance,uncountable,Subkinds,viz-water,7
20,2,substance,uncountable,Subkinds,acél-steel,5
20,2,substance,uncountable,Subkinds,arany-gold,6
20,2,substance,uncountable,Subkinds,bor-wine,6
20,2,substance,uncountable,Subkinds,fa-wood,6
20,2,substance,uncountable,Subkinds,homok-sand,5
20,1,substance,uncountable,Subkinds,kávé-coffee,6
20,1,substance,uncountable,Subkinds,sör-beer,5
20,1,substance,uncountable,Subkinds,talaj-soil,6
20,1,substance,uncountable,Subkinds,vér-blood,5
20,1,substance,uncountable,Subkinds,viz-water,7
21,2,substance,uncountable,Subkinds,acél-steel,7
21,2,substance,uncountable,Subkinds,arany-gold,6
21,2,substance,uncountable,Subkinds,bor-wine,7
21,2,substance,uncountable,Subkinds,fa-wood,6
21,2,substance,uncountable,Subkinds,homok-sand,5
21,1,substance,uncountable,Subkinds,kávé-coffee,5
21,1,substance,uncountable,Subkinds,sör-beer,5
21,1,substance,uncountable,Subkinds,talaj-soil,5
21,1,substance,uncountable,Subkinds,vér-blood,5
21,1,substance,uncountable,Subkinds,viz-water,5
22,2,substance,uncountable,Subkinds,acél-steel,7
22,2,substance,uncountable,Subkinds,arany-gold,5
22,2,substance,uncountable,Subkinds,bor-wine,7
22,2,substance,uncountable,Subkinds,fa-wood,6
22,2,substance,uncountable,Subkinds,homok-sand,5
22,1,substance,uncountable,Subkinds,kávé-coffee,6
22,1,substance,uncountable,Subkinds,sör-beer,5
22,1,substance,uncountable,Subkinds,talaj-soil,5
22,1,substance,uncountable,Subkinds,vér-blood,7
22,1,substance,uncountable,Subkinds,viz-water,7
23,2,substance,uncountable,Subkinds,acél-steel,7
23,2,substance,uncountable,Subkinds,arany-gold,6
23,2,substance,uncountable,Subkinds,bor-wine,6
23,2,substance,uncountable,Subkinds,fa-wood,7
23,2,substance,uncountable,Subkinds,homok-sand,7
23,1,substance,uncountable,Subkinds,kávé-coffee,5
23,1,substance,uncountable,Subkinds,sör-beer,5
23,1,substance,uncountable,Subkinds,talaj-soil,7
23,1,substance,uncountable,Subkinds,vér-blood,7
23,1,substance,uncountable,Subkinds,viz-water,7
24,2,substance,uncountable,Subkinds,acél-steel,7
24,2,substance,uncountable,Subkinds,arany-gold,6
24,2,substance,uncountable,Subkinds,bor-wine,6
24,2,substance,uncountable,Subkinds,fa-wood,7
24,2,substance,uncountable,Subkinds,homok-sand,7
24,1,substance,uncountable,Subkinds,kávé-coffee,7
24,1,substance,uncountable,Subkinds,sör-beer,7
24,1,substance,uncountable,Subkinds,talaj-soil,6
24,1,substance,uncountable,Subkinds,vér-blood,6
24,1,substance,uncountable,Subkinds,viz-water,5
25,2,substance,uncountable,Subkinds,acél-steel,6
25,2,substance,uncountable,Subkinds,arany-gold,7
25,2,substance,uncountable,Subkinds,bor-wine,5
25,2,substance,uncountable,Subkinds,fa-wood,6
25,2,substance,uncountable,Subkinds,homok-sand,7
25,1,substance,uncountable,Subkinds,kávé-coffee,5
25,1,substance,uncountable,Subkinds,sör-beer,6
25,1,substance,uncountable,Subkinds,talaj-soil,7
25,1,substance,uncountable,Subkinds,vér-blood,5
25,1,substance,uncountable,Subkinds,viz-water,6
26,2,substance,uncountable,Subkinds,acél-steel,5
26,2,substance,uncountable,Subkinds,arany-gold,7
26,2,substance,uncountable,Subkinds,bor-wine,6
26,2,substance,uncountable,Subkinds,fa-wood,6
26,2,substance,uncountable,Subkinds,homok-sand,5
26,1,substance,uncountable,Subkinds,kávé-coffee,6
26,1,substance,uncountable,Subkinds,sör-beer,6
26,1,substance,uncountable,Subkinds,talaj-soil,6
26,1,substance,uncountable,Subkinds,vér-blood,7
26,1,substance,uncountable,Subkinds,viz-water,7
27,2,substance,uncountable,Subkinds,acél-steel,6
27,2,substance,uncountable,Subkinds,arany-gold,6
27,2,substance,uncountable,Subkinds,bor-wine,5
27,2,substance,uncountable,Subkinds,fa-wood,7
27,2,substance,uncountable,Subkinds,homok-sand,6
27,1,substance,uncountable,Subkinds,kávé-coffee,5
27,1,substance,uncountable,Subkinds,sör-beer,7
27,1,substance,uncountable,Subkinds,talaj-soil,5
27,1,substance,uncountable,Subkinds,vér-blood,7
27,1,substance,uncountable,Subkinds,viz-water,5
28,2,substance,uncountable,Subkinds,acél-steel,5
28,2,substance,uncountable,Subkinds,arany-gold,5
28,2,substance,uncountable,Subkinds,bor-wine,7
28,2,substance,uncountable,Subkinds,fa-wood,5
28,2,substance,uncountable,Subkinds,homok-sand,6
28,1,substance,uncountable,Subkinds,kávé-coffee,7
28,1,substance,uncountable,Subkinds,sör-beer,6
28,1,substance,uncountable,Subkinds,talaj-soil,5
28,1,substance,uncountable,Subkinds,vér-blood,5
28,1,substance,uncountable,Subkinds,viz-water,5
29,2,substance,uncountable,Subkinds,acél-steel,7
29,2,substance,uncountable,Subkinds,arany-gold,7
29,2,substance,uncountable,Subkinds,bor-wine,5
29,2,substance,uncountable,Subkinds,fa-wood,5
29,2,substance,uncountable,Subkinds,homok-sand,7
29,1,substance,uncountable,Subkinds,kávé-coffee,5
29,1,substance,uncountable,Subkinds,sör-beer,6
29,1,substance,uncountable,Subkinds,talaj-soil,5
29,1,substance,uncountable,Subkinds,vér-blood,6
29,1,substance,uncountable,Subkinds,viz-water,5
30,2,substance,uncountable,Subkinds,acél-steel,6
30,2,substance,uncountable,Subkinds,arany-gold,5
30,2,substance,uncountable,Subkinds,bor-wine,5
30,2,substance,uncountable,Subkinds,fa-wood,7
30,2,substance,uncountable,Subkinds,homok-sand,5
30,1,substance,uncountable,Subkinds,kávé-coffee,5
30,1,substance,uncountable,Subkinds,sör-beer,6
30,1,substance,uncountable,Subkinds,talaj-soil,5
30,1,substance,uncountable,Subkinds,vér-blood,7
30,1,substance,uncountable,Subkinds,viz-water,6